{"cameraMode":{"drawMode":0,"name":"Shaded","section":"Shading Mode"},"sceneLighting":true,"audioPlay":false,"sceneViewState":{"m_AlwaysRefresh":false,"showFog":true,"showSkybox":true,"showFlares":true,"showImageEffects":true,"showParticleSystems":true,"showVisualEffectGraphs":true,"m_FxEnabled":true},"in2DMode":false,"pivot":{"x":16.283153533935548,"y":11.072516441345215,"z":-3.9571523666381838},"rotation":{"x":-0.20389406383037568,"y":0.6675305366516113,"z":-0.19774584472179414,"w":-0.6882826685905457},"size":42.77735137939453,"orthographic":true}