{"cameraMode":{"drawMode":0,"name":"Shaded","section":"Shading Mode"},"sceneLighting":true,"audioPlay":false,"sceneViewState":{"m_AlwaysRefresh":false,"showFog":true,"showSkybox":true,"showFlares":true,"showImageEffects":true,"showParticleSystems":true,"showVisualEffectGraphs":true,"m_FxEnabled":true},"in2DMode":false,"pivot":{"x":8.618215560913086,"y":-81.59010314941406,"z":58.706817626953128},"rotation":{"x":-0.6760879755020142,"y":0.009279254823923111,"z":-0.008513285778462887,"w":-0.7367318272590637},"size":131.86029052734376,"orthographic":false}